pressure,global_total
ghg,233084397.68719903
nutrient,3688865.7299531493
disturbance,1020719.218476643
water,61049695133.83961
