pressure,global_total
ghg,233082115.2221403
nutrient,3688735.629131801
disturbance,1020719.0236515985
water,691418672872.137
