pressure,global_total
ghg,233650736.0470014
nutrient,3702517.1697825585
disturbance,1026750.4978809546
water,61392962682.21265
