pressure,global_total
ghg,234954892.33585197
nutrient,3426275.905883147
disturbance,1023093.894913118
water,60135350532.823616
