pressure,global_total
ghg,234647330.03073657
nutrient,3426275.905883147
disturbance,1012319.3288162939
water,60135350532.823616
