stressor,global_total
ghg,233013875.49007767
water,547258374154.35675
nutrient,3695777.5532116033
disturbance,938138.2720808096
